method,accuracy,sensitivity,specificity
Logistic Regression,0.7377049180327869,0.6190476190476191,0.8
Gaussian Naive Bayes,0.7868852459016393,0.8095238095238095,0.775
Support Vector Machine,0.7377049180327869,0.5714285714285714,0.825
